{
  "current-scene": "f5242a68-832e-4e2e-9b37-8b0c7d33714f",
  "gizmos-infos": {
    "iconGizmoSize": 2,
    "isGridVisible": true,
    "isIconGizmo3D": false
  },
  "camera-infos": {
    "07836b54-645f-41d4-b340-a18d5e2bd0ed": {
      "position": {
        "x": 320.0000000000001,
        "y": 479.99999999999994,
        "z": 1000
      },
      "rotation": {
        "w": 1,
        "x": 0,
        "y": 0,
        "z": 0
      },
      "viewCenter": {
        "x": 0,
        "y": 0,
        "z": 0
      }
    },
    "189caf20-6cbd-4e99-b2bd-8015e5ae8deb": {
      "position": {
        "x": 320.0000000000001,
        "y": 479.99999999999994,
        "z": 1000
      },
      "rotation": {
        "w": 1,
        "x": 0,
        "y": 0,
        "z": 0
      },
      "viewCenter": {
        "x": 0,
        "y": 0,
        "z": 0
      }
    },
    "1cae5c46-b83b-437d-bdcd-145f2507712f": {
      "position": {
        "x": -8.689626143479268,
        "y": 29.804150660070427,
        "z": 23.519940729505347
      },
      "rotation": {
        "w": 0.8794712724333191,
        "x": -0.31661867752849715,
        "y": -0.3368786847299555,
        "z": -0.11116664866280018
      },
      "viewCenter": {
        "x": 7.159366679856346,
        "y": 10.626705265669322,
        "z": 6.155186930562042
      }
    },
    "2620d1da-e084-4d3a-bc2b-942ed5f9ae3f": {
      "position": {
        "x": 316.18881887663525,
        "y": 455.18126791100326,
        "z": 2093.936069207029
      },
      "rotation": {
        "w": 1,
        "x": 0,
        "y": 0,
        "z": 0
      },
      "viewCenter": {
        "x": 356.8953429860931,
        "y": 420.4378688659254,
        "z": -152.08409374181224
      }
    },
    "2687a12e-7b7f-41bf-b30c-1009da63ffbc": {
      "position": {
        "x": 22.908676775419988,
        "y": 11.558676775419983,
        "z": 12.058676775419983
      },
      "rotation": {
        "w": 0.8804762392171493,
        "x": -0.27984814233312133,
        "y": 0.3647051996310009,
        "z": 0.11591689595929514
      },
      "viewCenter": {
        "x": 10.85,
        "y": -0.5,
        "z": 0
      }
    },
    "4f7fed52-4e3a-4451-b100-19e0865490e8": {
      "position": {
        "x": 29.41632264842007,
        "y": 1.774021588655735,
        "z": 12.04517795261433
      },
      "rotation": {
        "w": 0.9096387594239628,
        "x": -0.12404282217201187,
        "y": -0.3921805855820848,
        "z": -0.05513054654373843
      },
      "viewCenter": {
        "x": 89.93182532347565,
        "y": -21.479861685685407,
        "z": -45.13946805801506
      }
    },
    "86de5a32-5ff9-4de2-9de0-7aef00c151ea": {
      "position": {
        "x": 320.0000000000001,
        "y": 479.99999999999994,
        "z": 1000
      },
      "rotation": {
        "w": 1,
        "x": 0,
        "y": 0,
        "z": 0
      },
      "viewCenter": {
        "x": 0,
        "y": 0,
        "z": 0
      }
    },
    "9109be64-bf2b-4d91-b82d-37c57b8090a7": {
      "position": {
        "x": 320.0000000000001,
        "y": 479.99999999999994,
        "z": 1000
      },
      "rotation": {
        "w": 1,
        "x": 0,
        "y": 0,
        "z": 0
      },
      "viewCenter": {
        "x": 0,
        "y": 0,
        "z": 0
      }
    },
    "a4bdba64-1ada-4f56-a89a-22654202bd85": {
      "position": {
        "x": 320.0000000000001,
        "y": 479.99999999999994,
        "z": 1000
      },
      "rotation": {
        "w": 1,
        "x": 0,
        "y": 0,
        "z": 0
      },
      "viewCenter": {
        "x": 0,
        "y": 0,
        "z": 0
      }
    },
    "adeea697-94ad-4685-9408-72dfd2c25318": {
      "position": {
        "x": 13.015374414263295,
        "y": 36.11802604752239,
        "z": 21.685559456363787
      },
      "rotation": {
        "w": 0.913508569411597,
        "x": -0.35659035085398433,
        "y": -0.17452418615923843,
        "z": -0.08459163592825213
      },
      "viewCenter": {
        "x": 15.095505200529995,
        "y": 30.638507743234946,
        "z": 16.181782229904563
      }
    },
    "c277a7b0-cadb-472b-a4a9-3d1885bbfee9": {
      "position": {
        "x": 319.9999999999999,
        "y": 480,
        "z": 1000
      },
      "rotation": {
        "w": 1,
        "x": 0,
        "y": 0,
        "z": 0
      },
      "viewCenter": {
        "x": 356.8953429860931,
        "y": 420.4378688659254,
        "z": -152.08409374181224
      }
    },
    "cf1283d7-0c63-4516-9901-cec2f908f7dc": {
      "position": {
        "x": 50,
        "y": 50,
        "z": 50
      },
      "rotation": {
        "w": 0.8804762392171493,
        "x": -0.27984814233312133,
        "y": 0.3647051996310009,
        "z": 0.11591689595929514
      },
      "viewCenter": {
        "x": 0,
        "y": 0,
        "z": 0
      }
    },
    "de76c447-11fe-4e9f-b5f9-02b30b86da5f": {
      "position": {
        "x": 320.0000000000001,
        "y": 479.99999999999994,
        "z": 1000
      },
      "rotation": {
        "w": 1,
        "x": 0,
        "y": 0,
        "z": 0
      },
      "viewCenter": {
        "x": 0,
        "y": 0,
        "z": 0
      }
    },
    "e0d1b2ae-985b-48b0-b930-7107a83f7065": {
      "position": {
        "x": 338.91778154389476,
        "y": 484.876403753191,
        "z": 1868.1850526555922
      },
      "rotation": {
        "w": 1,
        "x": 0,
        "y": 0,
        "z": 0
      },
      "viewCenter": {
        "x": 32,
        "y": 0,
        "z": 0
      }
    },
    "f46876e4-e81b-4931-b493-6d367be385e7": {
      "position": {
        "x": -14.09614380882335,
        "y": 15.475120557693556,
        "z": -8.653567094457909
      },
      "rotation": {
        "w": 0.4571822256659084,
        "x": -0.17229923885638376,
        "y": -0.8230662870367187,
        "z": -0.2895012668768546
      },
      "viewCenter": {
        "x": 6.319292909904114,
        "y": -4.354920545922633,
        "z": 4.302646122418096
      }
    },
    "f5242a68-832e-4e2e-9b37-8b0c7d33714f": {
      "position": {
        "x": -7.244258790024865,
        "y": 4.554466764695073,
        "z": 1.0905629611603433
      },
      "rotation": {
        "w": 0.7062489190899097,
        "x": -0.14237047231143848,
        "y": -0.6785405454188028,
        "z": -0.1350771352557416
      },
      "viewCenter": {
        "x": -2.6709336506617722,
        "y": 2.6435176165982197,
        "z": 0.9098781909668995
      }
    }
  },
  "camera-uuids": [
    "f5242a68-832e-4e2e-9b37-8b0c7d33714f"
  ]
}
